"SampleGroup","Total_Number_Sites","Site_w_variants","Proportion_Variant_Sites"
"N2",16044422,1450731,0.0904196486479849
"PRDE1",15573273,1387027,0.0890645787818656
