"SampleGroup","Replicate","Total_Reads","Total_Alternative_Reads","Ratio_Alt_vs_Total"
"N2",1,2225528254,6556791,0.002946
"N2",2,2626342560,7620012,0.002901
"N2",3,2242369518,6530689,0.002912
"PRDE1",1,2518354478,7254881,0.002881
"PRDE1",2,2532518333,7246250,0.002861
"PRDE1",3,2518719704,7309149,0.002902
